state,district,population,percent_urban,sexratio,percentSC,percentST,literacy,literacyF,literacyM,growth_rate
MADHYA PRADESH,ALIRAJPUR,728677,7.8,1009,3.69,88.98,37.22,30.97,43.6,19.4
CHHATTISGARH,DANTEWADA,532791,18.04,1022,2.44,76.88,42.67,32.88,52.69,11.9
MADHYA PRADESH,JHABUA,1024091,9,989,1.7,87,44.45,34.29,54.7,30.58
ARUNACHAL PRADESH,KURUNG KUMEY,89717,18.74,1029,0,98.58,50.67,44.31,57.28,111.01
MADHYA PRADESH,BARWANI,1385659,14.7,981,6.35,69.43,50.23,43.07,57.3,27.55
JHARKHAND,PAKAUR,899200,7.5,985,3.16,42.1,50.17,41.23,59.02,28.15
ODISHA,NABARANGPUR,1218762,7.2,1018,14.53,55.79,48.2,37.22,59.45,18.81
UTTAR PRADESH,SHRAWASTI,1114615,3.45,875,16.95,0.5,49.13,37.07,59.55,-5.25
UTTAR PRADESH,BAHRAICH,3478257,8.26,891,14.6,0.32,51.1,40.76,60.23,46.08
ODISHA,MALKANGIRI,612727,7.97,1016,22.55,57.83,49.49,38.95,60.29,21.53
BIHAR,KATIHAR,3068149,8.91,916,8.57,5.86,53.56,45.37,60.99,28.23
BIHAR,PURNIA,3273127,10.41,930,11.98,4.27,52.49,43.19,61.09,28.66
ODISHA,KORAPUT,1376934,16.37,1031,14.25,50.56,49.87,38.92,61.29,16.63
UTTAR PRADESH,BALRAMPUR (U,2149066,7.74,922,12.9,1.16,51.76,40.92,61.66,27.74
ARUNACHAL PRADESH,TIRAP,111997,12.08,931,0,87.85,52.23,41.83,61.87,11.63
UTTAR PRADESH,BUDAUN,3712738,17.37,859,16.91,0,52.91,41.76,62.39,20.96
BIHAR,SITAMARHI,3419622,5.58,899,11.85,0.09,53.53,43.4,62.56,27.47
ODISHA,RAYAGADA,961959,15.36,1048,14.41,55.99,50.88,39.87,62.61,15.74
JHARKHAND,SAHIBGANJ,1150038,13.86,948,6.29,26.8,53.73,44.31,62.65,23.96
UTTAR PRADESH,RAMPUR,2335398,25.21,905,13.18,0.02,55.08,46.19,63.1,21.4
KARNATAKA,YADAGIRI,1172985,18.8,984,23.28,12.51,52.36,41.31,63.33,22.67
BIHAR,SHEOHAR,656916,4.28,890,14.73,0.05,56,47.25,63.72,27.32
BIHAR,MADHEPURA,1994618,4.42,914,17.3,0.63,53.78,42.75,63.82,30.65
ARUNACHAL PRADESH,UPPER SIANG,35289,12.51,891,0,80.6,59.94,55.22,64.09,5.77
BIHAR,ARARIA,2806200,6.01,921,13.61,1.38,55.1,45.18,64.15,30
ASSAM,DHUBRI,1948632,10.36,952,3.61,0.33,59.36,54.26,64.2,24.4
BIHAR,SAHARSA,1897102,8.18,906,16.69,0.32,54.57,42.73,65.22,25.79
BIHAR,KISHANGANJ,1690948,9.68,946,6.69,3.8,57.04,47.98,65.56,30.44
ODISHA,GAJAPATI,575880,12.25,1042,6.78,54.29,54.29,43.59,65.58,10.99
CHHATTISGARH,BASTER,1411644,13.7,1024,2.69,65.93,54.94,44.49,65.7,17.83
TELANGANA,MAHBUBNAGAR,4042191,15,975,17.49,8.99,56.06,45.65,66.27,15.03
WEST BENGAL,UTTAR DINAJPUR,3000849,12.07,936,26.87,5.41,60.13,53.15,66.65,22.9
UTTAR PRADESH,MORADABAD,4773138,33.01,903,15.33,0.01,58.67,49.63,66.83,25.25
WEST BENGAL,MALDAH,3997970,13.8,939,20.94,7.87,62.71,57.84,67.27,21.5
ARUNACHAL PRADESH,UPPER SUBANSIRI,83205,12.4,982,0,93.86,63.96,60.51,67.36,50.34
KARNATAKA,CHAMARAJANAGARA,1020962,17.17,989,25.42,11.78,61.12,54.32,67.88,5.75
BIHAR,PURBA CHAMPARAN,5082868,7.85,901,12.74,0.24,58.26,47.36,68.02,29.01
BIHAR,PASHCHIM CHAMPARAN,3922780,10.04,906,14.08,6.35,58.06,46.79,68.16,28.89
ASSAM,DARRANG,908090,6.1,923,4.34,0.91,64.55,60.4,68.36,19.51
PUNJAB,MANSA,768808,21.26,880,33.63,0,62.78,56.41,68.4,11.62
JAMMU AND KASHMIR,BANDIPORA,385099,16.89,911,0.1,19.22,57.82,46.24,68.41,26.31
BIHAR,KHAGARIA,1657599,5.26,883,14.83,0.04,60.87,52.16,68.51,29.46
ARUNACHAL PRADESH,TAWANG,49950,12.23,701,0,69.65,60.61,48.75,68.54,28.33
JAMMU AND KASHMIR,BADGAM,735753,11.74,883,0.05,3.17,57.98,46.6,68.56,21.18
BIHAR,DARBHANGA,3921971,9.69,910,15.64,0.07,58.26,46.88,68.58,19
ANDHRA PRADESH,VIZIANAGARAM,2342868,20.93,1016,10.57,10.05,59.49,50.16,69.04,4.16
TAMIL NADU,DHARMAPURI,1502900,17.33,946,16.29,4.18,64.71,60.03,69.16,16.04
ARUNACHAL PRADESH,DIBANG VALLEY,7948,11.64,808,0,71.23,64.8,59.1,69.39,9.3
UTTAR PRADESH,BAREILLY,4465344,34.99,883,12.53,0.07,60.52,50.35,69.47,23.4
ARUNACHAL PRADESH,Anjaw,21089,8.02,805,0,77.72,59.4,46.39,69.54,13.77
JHARKHAND,GODDA,1311382,4.91,933,8.8,21.26,57.68,44.9,69.56,25.14
BIHAR,BANKA,2029339,3.52,907,12.18,4.44,60.12,49.4,69.76,26.14
JAMMU AND KASHMIR,REASI,314714,8.49,891,12,28.08,59.42,47.55,69.93,27.06
UTTAR PRADESH,SHAHJAHANPUR,3002376,19.7,865,17.72,0.02,61.61,51.73,70.09,17.84
RAJASTHAN,PRATAPGARH (RAJ,868231,8.26,982,6.96,63.42,56.3,42.4,70.13,22.84
MADHYA PRADESH,SHEOPUR,687952,15.6,902,15.76,23.47,58.02,44.45,70.3,22.96
JAMMU AND KASHMIR,KULGAM,422786,18.77,951,0.01,6.25,60.35,49.74,70.58,7.3
ASSAM,BARPETA,1693190,8.7,951,5.63,1.62,65.03,59.04,70.72,21.4
JAMMU AND KASHMIR,GANDERBAL,297003,15.76,869,0.04,20.53,59.99,47.62,70.74,36.3
ARUNACHAL PRADESH,CHANGLANG,147951,11.5,914,0,36.35,61.9,52.08,70.8,17.96
RAJASTHAN,BANSWARA,1798194,7.11,979,4.46,76.38,57.2,43.47,70.8,26.58
ARUNACHAL PRADESH,EAST KAMENG,78413,17.95,1012,0,92.01,62.48,54.18,70.95,37.14
WEST BENGAL,MURSHIDABAD,7102430,19.78,957,12.64,1.28,67.53,63.88,71.02,21.07
RAJASTHAN,SIROHI,1037185,20.13,938,19.48,28.22,56.02,40.12,71.09,21.86
MADHYA PRADESH,DHAR,2184672,18.9,961,6.65,55.94,60.57,49.69,71.1,25.53
TELANGANA,ADILABAD,2737738,27.68,1003,17.82,18.09,61.55,51.99,71.22,10.04
CHHATTISGARH,SURGUJA,2361329,10.38,976,4.9,55.11,61.16,50.88,71.23,19.74
ASSAM,CHIRANG,481818,7.37,969,7.29,37.06,64.71,57.87,71.35,11.26
KARNATAKA,RAICHUR,1924773,25.32,992,20.79,19.03,60.46,49.56,71.35,15.27
ANDHRA PRADESH,KURNOOL,4046601,28.26,984,18.21,2.04,61.13,50.81,71.36,14.65
BIHAR,NAWADA,2216653,9.72,936,25.47,0.09,61.63,51.09,71.4,22.49
ODISHA,NUAPADA,606490,5.61,1020,13.46,33.8,58.2,45.21,71.55,14.28
UTTAR PRADESH,KHERI,4013634,11.49,887,26.4,1.33,62.71,52.62,71.58,25.14
BIHAR,SUPAUL,2228397,4.74,925,15.89,0.46,59.65,46.63,71.65,28.62
JAMMU AND KASHMIR,KISHTWAR,231037,6.42,917,6.2,16.54,58.54,44.13,71.75,21.06
JHARKHAND,LATEHAR,725673,7.05,964,21.31,45.54,61.23,50.26,71.8,29.38
RAJASTHAN,JALOR,1830151,8.3,951,19.53,9.77,55.58,38.73,71.83,26.31
JHARKHAND,CHATRA,1042304,6.03,951,32.66,4.37,62.14,51.91,71.85,28.98
JAMMU AND KASHMIR,SHOPIAN,265960,5.62,951,0.02,8.2,62.49,52.77,71.86,25.85
JAMMU AND KASHMIR,RAMBAN,283313,4.16,901,4.91,14.02,56.9,40.04,71.97,31.81
MAHARASHTRA,NANDURBAR,1646177,16.72,972,2.91,69.28,63.04,53.9,71.98,25.5
GUJARAT,DOHAD,2126558,49.54,986,1.95,74.32,60.6,49.02,72.14,29.95
JHARKHAND,PASHCHIMI SINGHBHUM,1501619,14.53,1004,3.79,67.32,59.54,47.01,72.18,21.69
UTTAR PRADESH,GONDA,3431386,6.56,922,15.49,0.03,61.16,49.13,72.23,24.07
ANDHRA PRADESH,SRIKAKULAM,2699471,16.16,1014,9.46,6.15,62.3,52.56,72.25,6.38
BIHAR,BHAGALPUR,3032226,19.79,879,10.49,2.21,64.96,56.49,72.3,25.13
RAJASTHAN,BARMER,2604453,7,900,16.76,6.77,57.49,41.03,72.32,32.55
UTTAR PRADESH,BARABANKI,3257983,10.14,908,26.52,0.02,63.76,54.1,72.49,21.86
TELANGANA,MEDAK,3031877,24.02,989,17.74,5.57,62.53,52.49,72.5,13.55
BIHAR,MADHUBANI,4476044,3.68,925,13.09,0.09,60.9,48.3,72.53,25.19
UTTAR PRADESH,SITAPUR,4474446,11.84,879,32.26,0.04,63.38,52.8,72.61,23.62
TELANGANA,NIZAMABAD,2552073,23.03,1038,14.54,7.56,62.25,52.33,72.66,8.8
ASSAM,GOALPARA,1008959,13.66,962,4.47,22.97,68.67,64.53,72.67,22.74
PUNJAB,MUKTSAR,902702,27.99,895,42.31,0,66.79,60.03,72.9,16.1
UTTAR PRADESH,KANSHIRAM NAGAR,1438156,20.05,879,17.7,0.01,62.3,50.2,72.91,17.05
HARYANA,MEWAT,1089406,11.38,906,6.91,0,56.14,37.58,72.98,37.94
BIHAR,SAMASTIPUR,4254782,3.46,909,18.85,0.04,63.81,53.52,73.09,25.33
RAJASTHAN,JAISALMER,672008,13.28,849,14.8,6.33,58.04,40.23,73.09,32.22
MADHYA PRADESH,BURHANPUR,756993,34.4,951,8.48,30.36,65.28,57.12,73.1,19.23
PUNJAB,BARNALA,596294,31.97,876,32.24,0,68.9,64.14,73.1,13.16
TELANGANA,KHAMMAM,2798214,23.43,1010,16.55,27.37,65.46,57.85,73.2,8.5
MADHYA PRADESH,TIKAMGARH,1444920,17.3,901,25.02,4.7,62.57,50.71,73.3,20.11
ODISHA,KALAHANDI,1573054,7.75,1003,18.17,28.5,60.22,47.27,73.34,17.79
ASSAM,KOKRAJHAR,886999,6.17,958,3.33,31.41,66.63,59.54,73.44,5.19
UTTAR PRADESH,PILIBHIT,2037225,17.43,889,16.42,0.08,63.58,52.43,73.46,23.83
ANDHRA PRADESH,PRAKASAM,3392764,19.52,981,23.19,4.45,63.53,53.4,73.54,10.9
BIHAR,MUZAFFARPUR,4778610,9.83,898,15.66,0.13,65.68,56.82,73.61,27.54
ASSAM,MORIGAON,957853,7.65,974,12.31,14.29,69.37,64.99,73.66,23.39
BIHAR,JAMUI,1756078,8.24,921,17.19,4.48,62.16,49.44,73.77,25.54
ASSAM,UDALGURI,832769,4.51,966,4.55,32.15,66.6,59.17,73.79,9.76
UTTAR PRADESH,SIDDHARTHNAGAR,2553526,6.28,970,15.97,0.47,61.81,49.61,73.79,25.17
MADHYA PRADESH,SINGRAULI,1178132,19.3,916,12.79,32.59,62.36,49.86,73.8,28.03
ARUNACHAL PRADESH,WEST SIANG,112272,10.73,916,0,82.64,67.62,60.76,73.89,8.04
BIHAR,LAKHISARAI,1000717,14.29,900,15.31,0.83,64.95,54.89,73.98,24.74
JHARKHAND,GARHWA,1322387,5.27,933,24.19,15.56,62.18,49.43,74,27.71
MADHYA PRADESH,KHARGONE,1872413,16,963,11.16,38.98,63.98,53.68,74,22.81
ANDHRA PRADESH,ANANTAPUR,4083315,28.09,977,14.29,3.78,64.28,54.31,74.09,12.16
JAMMU AND KASHMIR,ANANTNAG,1070144,26.04,937,0.17,10.75,64.32,54.15,74.13,37.48
MADHYA PRADESH,CHHATARPUR,1762857,22.6,884,23,4.18,64.9,54.34,74.2,19.54
PUNJAB,SANGRUR,1654408,40.27,883,27.89,0,68.88,62.86,74.2,12.3
BIHAR,BEGUSARAI,2954367,19.19,894,14.55,0.05,66.23,57.1,74.36,25.75
RAJASTHAN,DUNGARPUR,1388906,6.39,990,3.76,70.83,60.78,46.98,74.66,25.39
TELANGANA,KARIMNAGAR,3811738,26.08,1009,18.8,2.83,64.87,55.18,74.72,9.16
ANDHRA PRADESH,EAST GODAVARI,5151549,25.52,1005,18.34,4.14,71.35,67.82,74.91,5.1
ODISHA,MAYURBHANJ,2513895,7.67,1005,7.33,58.72,63.98,53.18,74.92,13.06
TELANGANA,NALGONDA,3483648,19,982,18.27,11.3,65.05,55.05,74.94,7.26
CHHATTISGARH,KAWARDHA,822239,10.62,997,14.57,20.31,61.95,48.94,74.99,40.66
MADHYA PRADESH,RAJGARH,1546541,17.9,955,19.13,3.48,62.68,49.79,75.1,23.32
JHARKHAND,DUMKA,1321096,6.82,974,6.03,43.22,62.54,49.6,75.17,19.39
PUNJAB,MOGA,992289,22.55,893,36.5,0,71.59,67.41,75.3,10.9
PUNJAB,BATHINDA,1388859,35.99,865,32.44,0,69.57,62.92,75.3,17.37
JHARKHAND,KHUNTI,530299,8.51,994,4.52,73.25,64.51,53.71,75.33,21.96
UTTAR PRADESH,KAUSHAMBI,1596909,7.79,905,34.72,0.01,63.69,50.76,75.35,23.49
ANDHRA PRADESH,GUNTUR,4889230,33.89,1003,19.59,5.06,67.99,60.64,75.4,9.5
PUNJAB,TARAN TARAN,1120070,31.24,898,33.71,0,69.43,62.88,75.4,19.28
JAMMU AND KASHMIR,PULWAMA,570060,13.8,913,0.07,4.03,65,53.81,75.41,29.18
ANDHRA PRADESH,VISAKHAPATNAM,4288113,47.51,1003,7.68,14.42,67.7,60,75.48,11.89
ASSAM,BONGAIGAON,732639,13.76,961,11.21,2.55,70.44,65.18,75.48,19.58
MADHYA PRADESH,PANNA,1016028,12.3,907,20.46,16.81,66.08,55.55,75.6,18.62
ARUNACHAL PRADESH,WEST KAMENG,87013,10.34,755,0,55.25,69.4,60.8,75.66,16.64
ASSAM,DHEMAJI,688077,7.04,949,6.45,47.45,69.07,62.13,75.66,20.3
JHARKHAND,SIMDEGA,599813,7.16,1000,7.45,70.78,67.59,59.38,75.84,16.62
PUNJAB,FARIDKOT,618008,35.2,889,38.92,0,70.65,64.82,75.9,12.18
RAJASTHAN,UDAIPUR,3067549,19.85,958,6.14,49.71,62.74,49.1,75.91,23.66
TELANGANA,WARANGAL,3522644,28.34,994,17.54,15.11,66.16,56.45,75.91,8.52
ANDHRA PRADESH,NELLORE,2966082,29.07,986,22.49,9.65,69.15,62.3,75.93,11.15
BIHAR,GAYA,4379383,13.14,932,30.39,0.07,66.35,55.9,76.02,26.08
BIHAR,SHEIKHPURA,634927,17.14,926,20.6,0.1,65.96,54.93,76.14,20.82
MADHYA PRADESH,SHIVPURI,1725818,17.1,877,18.63,13.2,63.73,49.47,76.2,22.74
JHARKHAND,PALAMU,1936319,11.66,929,27.65,9.34,65.5,53.87,76.27,25.94
UTTAR PRADESH,LALITPUR,1218002,14.38,905,19.69,5.86,64.95,52.26,76.41,24.57
RAJASTHAN,JHALAWAR,1411327,16.26,945,17.26,12.91,62.13,47.06,76.47,19.57
MADHYA PRADESH,SIDHI,1126515,8.3,952,11.55,27.8,66.09,55.23,76.5,23.66
RAJASTHAN,BUNDI,1113725,19.94,922,18.97,20.57,62.31,47,76.52,15.7
UTTAR PRADESH,JYOTIBA PHULE NAGAR,1838771,24.83,907,17.28,0.01,65.7,53.77,76.53,22.66
MADHYA PRADESH,GUNA,1240938,25.2,910,15.56,15.37,65.1,52.53,76.6,26.91
ARUNACHAL PRADESH,LOWER DIBANG VALLEY,53986,9.75,919,0,48.03,70.38,63.56,76.62,7.01
PUNJAB,FIROZPUR,2026831,27.25,893,42.17,0,69.85,62.24,76.7,16.08
JHARKHAND,JAMTARA,790207,9.62,959,9.21,30.4,63.73,50.08,76.85,21
GUJARAT,TAPI,806489,46.06,1004,1.01,84.18,69.23,61.69,76.86,12.07
JHARKHAND,GUMLA,1025656,6.43,993,3.17,68.94,66.92,56.97,76.87,23.21
RAJASTHAN,BIKANER,2367745,33.95,903,20.88,0.33,65.92,53.77,76.9,41.42
KARNATAKA,RAMANAGARA,1082739,24.6,976,18.83,2.12,69.2,61.3,76.92,5.06
ASSAM,SONITPUR,1925975,8.89,946,5.67,12.07,69.96,62.53,76.98,15.67
BIHAR,VAISHALI,3495249,6.65,892,21.12,0.07,68.56,59.1,77,28.58
UTTAR PRADESH,UNNAO,3110595,17.14,901,30.52,0.09,68.29,58.54,77.06,15.19
ODISHA,BOLANGIR,1648574,11.96,983,17.88,21.05,65.5,53.77,77.08,23.29
JAMMU AND KASHMIR,KUPWARA,875564,11.33,843,0.12,8.08,66.92,54.79,77.1,34.62
BIHAR,NALANDA,2872523,15.93,921,21.12,0.05,66.41,54.76,77.11,21.18
RAJASTHAN,BHILWARA,2410459,21.29,969,16.94,9.52,62.71,47.93,77.16,19.7
UTTAR PRADESH,SONBHADRA,1862612,16.89,913,22.64,20.67,66.18,54.11,77.19,27.27
UTTAR PRADESH,HARDOI,4091380,13.22,856,31.14,0.01,68.89,59.17,77.2,20.39
KARNATAKA,BELLARY,2532383,36.3,978,21.1,18.41,67.85,58.28,77.24,24.92
ARUNACHAL PRADESH,LOHIT,145538,12.57,901,0,32.53,69.88,61.62,77.25,16.44
JAMMU AND KASHMIR,BARAMULA,1015503,17.19,873,0.15,3.74,66.93,55.01,77.35,20.34
KARNATAKA,BIJAPUR (KARNATAKA),2175102,23.02,954,20.34,1.81,67.2,56.54,77.41,20.38
UTTAR PRADESH,CHITRAKOOT,990626,9.73,879,26.89,0.04,66.52,54.03,77.42,29.29
WEST BENGAL,BIRBHUM,3502387,12.8,956,29.5,6.92,70.9,64.07,77.42,16.15
MADHYA PRADESH,DINDORI,704218,4.6,1004,5.65,64.7,65.47,53.49,77.6,21.26
UTTAR PRADESH,MAHARAJGANJ,2665292,5.06,938,18.36,0.61,64.3,50.14,77.62,22.61
ANDHRA PRADESH,WEST GODAVARI,3934782,20.55,1004,20.62,2.77,74.32,71.05,77.63,3.45
ASSAM,KAMRUP-RURAL,1517202,9.36,946,7.11,12,72.81,67.69,77.64,15.67
UTTAR PRADESH,MAHOBA,876055,21.19,880,25.22,0.07,66.94,54.65,77.72,23.66
RAJASTHAN,CHITTAURGARH,1544392,18.47,970,16.2,13.05,62.51,46.98,77.74,16.09
ASSAM,TINSUKIA,1316948,19.97,948,2.84,6.18,70.92,63.54,77.89,14.51
MADHYA PRADESH,KHANDWA,1309443,19.8,944,11.95,35.05,67.53,56.54,77.9,21.44
JAMMU AND KASHMIR,SRINAGAR,1269751,98.73,879,0.09,0.72,71.21,63.47,77.95,23.56
HARYANA,FATEHABAD,941522,19.04,903,30.19,0,69.13,59.29,78.1,16.79
MADHYA PRADESH,UMARIA,643579,17.2,953,9.02,46.64,67.34,56.06,78.1,24.73
KARNATAKA,MANDYA,1808680,17.08,989,14.69,1.24,70.14,62.1,78.14,2.55
RAJASTHAN,PALI,2038533,22.56,987,19.54,7.1,63.23,48.35,78.16,11.99
ASSAM,NAGAON,2826006,13.03,962,9.43,4.08,73.78,69.21,78.19,22.09
KARNATAKA,KOPPAL,1391292,16.79,983,18.61,11.82,67.28,56.22,78.21,16.32
CHHATTISGARH,JASHPUR,852043,8.92,1004,5.74,62.28,68.6,59.05,78.24,14.65
RAJASTHAN,TONK,1421711,22.36,949,20.26,12.54,62.46,46.01,78.27,17.33
MADHYA PRADESH,SHAHDOL,1064989,20.6,968,8.42,44.65,68.36,58.16,78.3,17.27
UTTAR PRADESH,AGRA,4380793,45.87,859,22.43,0.16,69.44,59.16,78.32,21
KARNATAKA,CHIKKABALLAPURA,1254377,22.26,968,24.9,12.47,70.08,61.55,78.36,9.17
BIHAR,GOPALGANJ,2558037,6.32,1015,12.49,2.37,67.04,56.03,78.38,18.83
JAMMU AND KASHMIR,RAJAURI,619266,7.09,863,7.5,36.24,68.54,57.2,78.38,28.14
MADHYA PRADESH,BETUL,1575247,19.6,970,10.11,42.34,70.14,61.63,78.4,12.91
ANDHRA PRADESH,Kadapa,2884524,34.1,984,16.16,2.63,67.88,57.26,78.41,10.87
ODISHA,KANDHAMAL,731952,9.86,1037,15.76,53.58,65.12,52.46,78.41,12.92
KARNATAKA,MYSORE,2994744,41.35,982,17.88,11.15,72.56,66.59,78.44,13.39
ASSAM,BAKSA,953773,1.28,967,7.69,34.84,70.53,62.23,78.55,11.17
JHARKHAND,LOHARDAGA,461738,12.43,985,3.32,56.9,68.29,57.86,78.62,26.67
HARYANA,SIRSA,1295114,24.75,896,29.91,0,70.35,61.16,78.64,15.98
UTTAR PRADESH,FATEHPUR,2632684,12.25,900,24.75,0.01,68.78,57.76,78.69,14.05
UTTAR PRADESH,BIJNOR,3683896,25.13,913,21.38,0.08,70.43,61.45,78.7,17.64
RAJASTHAN,HANUMANGARH,1779650,19.71,906,27.85,0.81,68.37,56.91,78.82,17.24
WEST BENGAL,PURULIYA,2927965,12.75,955,19.38,18.45,65.38,51.29,78.85,15.43
RAJASTHAN,NAGAUR,3309234,19.17,948,21.16,0.32,64.08,48.63,78.9,19.25
ARUNACHAL PRADESH,EAST SIANG,99019,10.93,962,0,70.53,73.54,67.9,78.94,13.3
JHARKHAND,GIRIDIH,2445203,8.5,943,13.31,9.74,65.12,50.33,79.08,28.33
UTTAR PRADESH,MUZAFFARNAGAR,4138605,28.76,886,13.55,0.01,70.11,60,79.11,16.8
ANDHRA PRADESH,KRISHNA,4529009,41.01,997,19.28,2.93,74.37,69.62,79.13,8.15
JHARKHAND,DEOGHAR,1491879,17.31,921,12.74,12.13,66.34,52.39,79.13,28.02
ODISHA,KEONJHAR,1802777,14.04,987,11.62,45.45,69,58.7,79.22,15.42
BIHAR,JEHANABAD,1124176,11.95,918,19.81,0.11,68.27,56.24,79.3,21.34
HARYANA,KAITHAL,1072861,21.97,880,23.04,0,70.56,60.69,79.33,13.39
RAJASTHAN,GANGANAGAR,1969520,27.2,887,36.59,0.68,70.25,60.07,79.33,10.06
UTTAR PRADESH,FARRUKHABAD,1887577,22,874,16.59,0.01,70.57,60.51,79.34,20.2
UTTAR PRADESH,BANDA,1799541,15.35,863,21.56,0.01,68.11,54.95,79.38,17.06
UTTAR PRADESH,RAE BARELI,3404004,9.05,941,30.26,0.05,69.04,58.06,79.39,18.51
MADHYA PRADESH,RATLAM,1454483,29.9,973,13.65,28.17,68.03,56.45,79.4,19.67
GUJARAT,BANAS KANTHA,3116045,20.93,936,10.49,9.11,66.39,52.58,79.45,24.43
MADHYA PRADESH,MANDLA,1053522,12.4,1005,4.59,57.88,68.28,57.2,79.5,17.81
RAJASTHAN,RAJSAMAND,1158283,15.93,988,12.81,13.9,63.93,48.44,79.52,17.35
WEST BENGAL,NADIA,5168488,27.81,947,29.94,2.72,75.58,71.35,79.58,12.24
WEST BENGAL,DAKSHIN DINAJPUR,1670931,14.13,954,28.8,16.43,73.86,67.81,79.63,11.16
TAMIL NADU,KRISHANAGIRI,1883731,22.75,956,14.22,1.19,72.41,64.86,79.65,20.67
BIHAR,SARAN,3943098,8.93,949,12,0.93,68.57,56.89,79.71,21.37
UTTAR PRADESH,SAHARANPUR,3464228,30.71,887,22.05,0.03,72.03,63.3,79.77,19.59
JAMMU AND KASHMIR,UDHAMPUR,555357,19.72,863,24.97,10.15,69.9,58.22,79.93,20.86
KARNATAKA,BIDAR,1700018,24.9,952,23.47,13.85,71.01,61.66,79.94,13.16
RAJASTHAN,CHURU,2041172,28.24,938,22.15,0.55,67.46,54.25,79.95,6.1
BIHAR,MUNGER,1359054,28.3,879,13.44,1.57,73.3,65.53,80.06,19.45
MADHYA PRADESH,ANUPPUR,749521,27.4,975,9.93,47.85,69.08,57.89,80.1,12.35
UTTAR PRADESH,KUSHINAGAR,3560830,4.72,955,15.27,2.25,67.66,54.74,80.1,23.08
KARNATAKA,BAGALKOT,1890826,31.67,984,16.89,5.14,69.39,58.55,80.16,14.46
MADHYA PRADESH,ASHOKNAGAR,844979,18.2,900,20.8,9.71,67.9,54.18,80.2,22.65
MAHARASHTRA,GADCHIROLI,1071795,11,975,11.25,38.71,70.55,60.66,80.21,10.46
UTTAR PRADESH,FAIZABAD,2468371,13.89,961,22.46,0.04,70.63,60.72,80.21,18.16
UTTAR PRADESH,ALIGARH,3673849,33.11,876,20.56,0.02,69.61,57.48,80.24,22.78
BIHAR,PATNA,5772804,43.48,892,15.77,0.16,72.47,63.72,80.28,22.34
JAMMU AND KASHMIR,DODA,409576,7.95,922,13.03,9.57,65.97,50.34,80.36,27.89
RAJASTHAN,JODHPUR,3685681,34.3,915,16.49,3.23,67.09,52.57,80.46,27.69
TAMIL NADU,VILUPPURAM,3463284,14.72,985,29.37,2.16,72.08,63.51,80.58,16.99
GUJARAT,KACHCHH,2090313,13.27,907,12.37,1.16,71.58,61.62,80.6,32.03
WEST BENGAL,JALPAIGURI,3869675,27,954,37.65,18.89,73.79,66.65,80.61,13.77
UTTAR PRADESH,BASTI,2461056,5.61,959,20.86,0.15,69.69,58.35,80.65,18.05
TAMIL NADU,SALEM,3480008,51.04,954,16.67,3.43,73.23,65.43,80.7,15.37
UTTAR PRADESH,SANT KABIR NAGAR,1714300,7.47,969,21.52,0.09,69.01,56.99,80.72,20.71
MADHYA PRADESH,CHHINDWARA,2090306,24.4,966,11.11,36.82,72.21,63.38,80.8,13.03
TAMIL NADU,ERODE,2259608,51.22,992,16.41,0.97,72.96,65.07,80.81,12.05
UTTAR PRADESH,MIRZAPUR,2494533,13.89,900,26.48,0.81,70.38,58.77,80.83,17.89
CHHATTISGARH,KANKER,748593,10.25,1007,4.21,55.38,70.97,61.08,80.98,15
MADHYA PRADESH,DAMOH,1263703,19.8,913,19.49,13.15,70.92,59.9,81,16.58
WEST BENGAL,BANKURA,3596292,8.36,954,32.65,10.25,70.95,60.44,81,12.64
JHARKHAND,SARAIKELA-KHARSAWAN,1063458,24.29,958,5.28,35.18,68.85,56.19,81.01,25.28
JAMMU AND KASHMIR,PUNCH,476820,8.1,890,0.12,36.93,68.69,54.8,81.04,27.97
ANDHRA PRADESH,CHITTOOR,4170468,29.47,1002,18.83,3.81,72.36,63.65,81.15,11.33
JHARKHAND,HAZARIBAG,1734005,15.88,946,17.5,7.02,70.48,59.25,81.15,25.75
PUNJAB,AMRITSAR,2490891,55.17,884,30.95,0,77.2,72.75,81.2,15.48
RAJASTHAN,BARAN,1223921,20.79,926,18.09,22.64,67.38,52.48,81.23,19.8
JHARKHAND,KODARMA,717169,19.71,949,15.22,0.96,68.35,54.77,81.25,32.59
BIHAR,ARWAL,699563,7.36,927,20.16,0.08,69.54,56.85,81.27,19.01
UTTAR PRADESH,HAMIRPUR (U,1104021,18.96,860,21.84,0.04,70.16,57.19,81.27,5.78
KARNATAKA,CHITRADURGA,1660378,19.78,969,23.45,18.23,73.82,66.05,81.37,9.39
JAMMU AND KASHMIR,KATHUA,615711,14.38,877,22.91,8.65,73.5,64.56,81.4,20.38
MADHYA PRADESH,VIDISHA,1458212,23.3,897,20.03,4.63,72.08,61.67,81.4,20.03
PUNJAB,PATIALA,1892282,53.64,888,24.55,0,76.26,70.47,81.4,19.4
BIHAR,KAIMUR (BHABUA),1626900,4.02,919,22.69,3.57,71.01,59.56,81.49,27.54
CHHATTISGARH,KORIYA,659039,31.19,971,8.31,46.18,71.41,61.01,81.52,12.4
WEST BENGAL,KOCH BIHAR,2822780,10.25,942,50.17,0.64,75.49,69.08,81.52,13.86
ASSAM,HAILAKANDI,659260,7.31,946,10.72,0.11,75.26,68.54,81.61,21.44
MADHYA PRADESH,SEONI,1378876,11.9,984,9.48,37.69,73.01,64.14,81.8,18.2
GUJARAT,AMRELI,1513614,41.01,964,8.78,0.48,74.49,66.97,81.82,8.59
ODISHA,GANJAM,3520151,21.78,981,19.5,3.37,71.88,61.84,81.85,11.37
KARNATAKA,KOLAR,1540231,31.38,976,30.32,5.13,74.33,66.56,81.94,11.04
UTTAR PRADESH,Sultanpur,3790922,5.28,978,22.43,0.02,71.14,60.17,81.99,17.92
KARNATAKA,TUMKUR,2681449,22.48,979,18.92,7.82,74.32,66.45,82.05,3.74
MADHYA PRADESH,DEWAS,1563107,28.9,941,18.67,17.44,70.53,58.27,82.1,19.48
ASSAM,KARBI ANGLONG,965280,11.82,956,4.7,56.34,73.52,64.62,82.12,18.69
ODISHA,SUNDERGARH,2080664,35.5,971,9.16,50.75,74.13,65.93,82.13,13.66
UTTARAKHAND,HARDWAR,1927029,37.77,879,21.76,0.33,74.62,65.96,82.26,33.16
GUJARAT,JAMNAGAR,2159130,48.77,938,8.05,1.12,74.4,65.97,82.35,13.38
UTTAR PRADESH,KANNAUJ,1658005,16.92,879,18.71,0,74.01,64.46,82.36,19.37
ARUNACHAL PRADESH,LOWER SUBANSIRI,82839,10.97,975,0,87.81,76.33,70.1,82.4,48.65
MADHYA PRADESH,SEHORE,1311008,18.9,918,20.69,11.1,71.11,58.86,82.4,21.51
UTTARAKHAND,UDHAM SINGH NAGAR,1648367,35.58,919,14.45,7.46,74.44,65.73,82.48,33.4
HARYANA,JIND,1332042,22.82,870,21.16,0,72.73,61.58,82.49,11.95
MADHYA PRADESH,RAISEN,1331699,22.8,899,16.96,15.4,74.26,65.09,82.5,18.36
BIHAR,AURANGABAD (BIHAR),2511243,9.38,916,24.1,0.04,72.77,62.05,82.52,24.75
UTTAR PRADESH,BULANDSHAHR,3498507,24.8,892,20.74,0.01,70.23,56.6,82.52,20.09
RAJASTHAN,DHAULPUR,1207293,20.51,845,20.36,4.86,70.14,55.45,82.53,22.78
ASSAM,DIBRUGARH,1327748,18.36,952,4.44,7.76,76.22,69.52,82.59,12.04
MAHARASHTRA,DHULE,2048781,27.91,941,6.22,31.56,74.61,66.21,82.59,19.96
GUJARAT,NARMADA,590379,34.07,960,1.48,81.55,73.29,63.62,82.6,14.77
HARYANA,PALWAL,1040493,22.65,879,19.48,0,70.32,56.4,82.6,25.49
ODISHA,DEOGARH,312164,7.61,976,16.68,35.33,73.07,63.36,82.62,13.88
RAJASTHAN,SAWAI MADHOPUR,1338114,19.9,894,20.87,21.4,66.19,47.8,82.72,19.79
BIHAR,SIWAN,3318176,5.49,984,11.61,2.61,71.59,60.35,82.77,22.25
CHHATTISGARH,BILASPUR (CHHATTISGARH),2662077,25.5,972,20.76,18.71,71.59,60.12,82.77,33.21
BIHAR,BUXAR,1707643,9.61,922,14.75,1.57,71.77,59.84,82.78,21.77
HARYANA,HISAR,1742815,31.73,871,23.44,0,73.24,62.31,82.79,13.38
KARNATAKA,BELGAUM,4778439,25.34,969,12.08,6.22,73.94,64.74,82.9,13.38
UTTAR PRADESH,MEERUT,3447405,51.13,885,18.12,0.1,74.8,65.69,82.91,15.01
RAJASTHAN,KARAULI,1458459,14.99,858,24.31,22.28,67.34,49.18,82.96,20.57
CHHATTISGARH,MAHASAMUND,1032275,11.64,1018,13.52,27.1,71.54,60.37,83.01,20
KARNATAKA,DAVANAGERE,1946905,32.31,967,20.18,11.98,76.3,69.39,83.02,8.71
SIKKIM,NORTH SIKKIM,43354,10.72,769,2.25,65.7,77.39,69.92,83.03,5.66
UTTAR PRADESH,AZAMGARH,4616509,8.52,1017,25.39,0.2,72.69,62.65,83.08,17.17
UTTAR PRADESH,FIROZABAD,2496761,33.33,867,18.97,0.1,74.6,64.8,83.08,21.62
TAMIL NADU,NAMAKKAL,1721179,40.27,986,20,3.31,74.92,66.68,83.09,15.25
MADHYA PRADESH,HARDA,570302,20.9,932,16.28,27.99,74.04,64.3,83.1,20.21
MADHYA PRADESH,SHAJAPUR,1512353,19.4,939,23.4,2.5,70.17,56.36,83.2,17.17
UTTAR PRADESH,ETAH,1761152,15.24,863,15.84,0.01,73.27,61.72,83.21,12.77
TELANGANA,HYDERABAD,4010238,100,943,6.29,1.24,80.96,78.42,83.35,4.71
TAMIL NADU,PERAMBALUR,564511,17.14,1006,31.01,0.46,74.68,66.11,83.39,14.36
MADHYA PRADESH,SATNA,2228619,21.3,927,17.88,14.36,73.79,63.42,83.4,19.17
WEST BENGAL,BARDDHAMAN,7723663,39.87,943,27.41,6.34,77.15,70.47,83.44,12.01
HARYANA,KURUKSHETRA,964231,28.93,889,22.3,0,76.7,69.18,83.46,16.81
GUJARAT,SURENDRANAGAR,1755873,58.12,929,10.22,1.22,73.19,62.2,83.47,15.89
JHARKHAND,RAMGARH,949159,44.13,921,11.2,21.19,73.92,63.49,83.51,13.06
KARNATAKA,HASSAN,1776221,21.23,1005,19.42,1.82,75.89,68.3,83.55,3.17
UTTAR PRADESH,CHANDAULI,1952713,12.55,913,22.88,2.14,73.86,63.07,83.58,18.83
MADHYA PRADESH,REWA,2363744,16.7,930,16.22,13.19,73.42,62.49,83.7,19.79
HARYANA,KARNAL,1506323,30.27,886,22.56,0,76.44,68.29,83.73,18.22
TAMIL NADU,TIRUVANNAMALAI,2468965,20.1,993,22.94,3.69,74.72,65.71,83.73,12.94
UTTAR PRADESH,HATHRAS,1565678,21.31,870,24.77,0.02,73.1,60.79,83.83,17.19
UTTAR PRADESH,BHADOI,1554203,14.73,950,22.37,0.12,71.1,57.79,83.87,14.81
CHHATTISGARH,KORBA,1206563,36.98,971,10.33,40.9,73.22,62.26,83.88,19.25
RAJASTHAN,AJMER,2584913,40.09,950,18.51,2.46,70.46,56.42,83.93,18.48
UTTAR PRADESH,AMBEDKAR NAGAR,2398709,11.74,976,24.65,0.03,74.37,64.62,83.95,18.35
MAHARASHTRA,BID,2585962,19.9,912,13.59,1.27,73.53,62.29,83.99,19.65
TELANGANA,RANGA REDDY,5296396,70.32,955,12.31,4.13,78.05,71.82,84,48.15
GUJARAT,PANCH MAHALS,2388267,8.99,945,4.2,30.18,72.32,59.95,84.07,17.92
BIHAR,BHOJPUR,2720155,14.29,900,15.59,0.51,72.79,60.2,84.08,21.27
CHHATTISGARH,RAIGARH (CHHATTISGARH),1493627,16.49,993,15.06,33.84,73.7,63.25,84.17,18.02
UTTAR PRADESH,BAGHPAT,1302156,21.05,858,11.44,0,73.54,61.22,84.17,11.87
HIMACHAL PRADESH,CHAMBA,518844,6.98,989,21.52,26.1,73.19,62.14,84.19,12.58
ASSAM,GOLAGHAT,1058674,9.24,961,5.84,10.48,78.31,72.18,84.2,11.88
MADHYA PRADESH,KATNI,1291684,20.4,948,12.05,24.59,73.62,62.47,84.2,21.38
MADHYA PRADESH,MORENA,1965137,23.9,839,21.44,0.87,72.07,57.64,84.2,23.38
KARNATAKA,HAVERI,1598506,22.27,951,13.77,8.85,77.6,70.65,84.22,11.08
UTTAR PRADESH,LUCKNOW,4588455,66.2,906,20.66,0.16,79.33,73.88,84.27,25.79
GUJARAT,PATAN,1342746,25.35,935,9.18,0.99,73.47,62.01,84.28,13.53
UTTAR PRADESH,GORAKHPUR,4436275,18.78,944,21.08,0.41,73.25,61.54,84.38,17.69
UTTAR PRADESH,MATHURA,2541894,29.66,858,19.89,0.06,72.65,58.93,84.39,22.53
ODISHA,BOUDH,1506522,4.65,981,23.79,12.55,83.25,76.49,84.49,12.95
JHARKHAND,BOKARO,2061918,47.69,916,14.51,12.4,73.48,61.46,84.5,15.99
PUNJAB,FATEHGARH SAHIB,599814,30.87,871,32.07,0,80.33,75.53,84.5,11.39
JHARKHAND,PURBI SINGHBHUM,2291032,55.55,949,4.86,28.51,76.13,67.33,84.51,15.53
RAJASTHAN,Dausa,1637226,12.38,904,21.68,26.51,69.17,52.33,84.54,24.31
GUJARAT,PORBANDAR,586062,33.05,947,8.85,2.23,76.63,68.32,84.56,9.17
PUNJAB,KAPURTHALA,817668,34.9,912,33.95,0,80.18,75.36,84.6,8.37
UTTAR PRADESH,MAU,2205170,22.66,978,21.51,1.04,75.16,65.59,84.61,18.94
ASSAM,LAKHIMPUR,1040644,8.77,965,7.85,23.93,78.39,71.91,84.66,17.06
WEST BENGAL,SOUTH  TWENTY FOUR PARGANAS,8153176,25.61,949,30.19,1.19,78.57,72.09,84.72,18.05
ODISHA,SONEPUR,652107,7.66,959,25.6,9.37,74.42,63.63,84.78,20.35
SIKKIM,WEST SIKKIM,136299,3.84,941,4.35,42.38,78.69,72.12,84.86,10.58
TAMIL NADU,KARUR,1076588,40.33,1015,20.8,0.05,75.86,67.05,84.86,15.06
KARNATAKA,GADAG,1065235,35.65,978,16.36,5.79,75.18,65.29,84.89,9.61
UTTAR PRADESH,JALAUN,1670718,25.06,865,27.7,0.05,75.16,63.88,84.89,14.87
TAMIL NADU,DINDIGUL,2161367,37.36,998,20.95,0.37,76.85,68.82,84.91,12.39
GUJARAT,THE DANGS,226769,30.74,1007,0.44,94.65,76.8,68.75,84.98,21.44
UTTAR PRADESH,ALLAHABAD,5959798,24.78,902,22,0.13,74.41,62.67,85,20.74
HARYANA,YAMUNANAGAR,1214162,38.94,877,25.26,0,78.93,71.99,85.06,16.56
UTTAR PRADESH,KANPUR NAGAR,4572951,65.93,852,17.83,0.08,81.31,76.89,85.07,9.72
RAJASTHAN,ALWAR,3671999,17.82,894,17.77,7.87,71.68,56.78,85.08,22.7
UTTAR PRADESH,VARANASI,3682194,43.43,909,13.24,0.78,77.05,68.2,85.12,17.32
UTTAR PRADESH,BALLIA,3223642,9.43,933,15.27,3.4,73.82,61.72,85.19,16.73
MADHYA PRADESH,NARSIMHAPUR,1092141,18.6,917,16.87,13.36,76.79,67.64,85.2,14.04
MADHYA PRADESH,DATIA,786375,23.2,875,25.46,1.91,73.5,60.21,85.2,18.4
MADHYA PRADESH,HOSHANGABAD,1240975,31.4,912,16.52,15.89,76.52,67.04,85.2,14.45
MADHYA PRADESH,UJJAIN,1986597,39.2,954,26.37,2.45,73.55,61.4,85.2,16.11
MAHARASHTRA,JALNA,1958483,19.26,929,13.9,2.16,73.61,61.28,85.25,21.84
UTTAR PRADESH,KANPUR DEHAT,1795092,9.66,862,25.64,0.05,77.52,68.48,85.27,14.82
BIHAR,ROHTAS,2962593,14.43,914,18.57,1.07,75.59,64.95,85.29,20.22
UTTAR PRADESH,PRATAPGARH,3173752,5.54,994,22.1,0.02,73.1,60.99,85.29,16.2
MAHARASHTRA,OSMANABAD,1660311,16.96,920,16,2.17,76.33,66.67,85.31,11.69
ASSAM,DIMA HASAO,213529,28.67,931,2.03,70.92,78.99,72.15,85.34,13.53
KARNATAKA,BANGALORE RURAL,987257,27.11,945,21.57,5.34,78.29,70.73,85.44,16.02
HARYANA,PANIPAT,1202811,45.97,861,17.11,0,77.46,68.23,85.45,24.33
TAMIL NADU,THENI,1243684,53.83,990,20.72,0.15,77.62,69.72,85.48,13.69
ASSAM,NALBARI,769919,10.72,945,7.8,3.03,79.89,73.85,85.58,11.74
CHHATTISGARH,JANJGIR - CHAMPA,1620632,13.9,986,24.57,11.56,73.7,61.72,85.59,23.01
JHARKHAND,RANCHI,2912022,43.18,950,5.25,35.76,77.13,68.2,85.63,23.9
KARNATAKA,CHIKKAMANGALORE,1137753,21.07,1005,22.29,3.95,79.24,72.88,85.66,-0.28
MAHARASHTRA,PARBHANI,1835982,31.04,940,13.47,2.21,75.22,64.27,85.66,20.18
JHARKHAND,DHANBAD,2682662,58.13,908,16.29,8.68,75.71,64.7,85.68,11.91
ASSAM,KARIMGANJ,1217002,9.06,961,12.85,0.16,79.72,73.49,85.7,20.74
RAJASTHAN,BHARATPUR,2549121,19.41,877,21.87,2.12,71.16,54.63,85.7,21.32
UTTAR PRADESH,GHAZIPUR,3622727,7.56,951,20.07,0.79,74.27,62.29,85.77,19.26
GUJARAT,JUNAGADH,2742291,25.49,952,9.69,2.03,76.88,67.59,85.8,12.01
ASSAM,CACHAR,1736319,18.2,958,15.25,1.01,80.36,74.62,85.85,20.17
MADHYA PRADESH,NEEMUCH,825958,29.7,959,13.46,8.65,71.81,57.25,85.9,13.76
PUNJAB,GURDASPUR,2299026,28.5,895,25.26,0,81.06,75.73,85.9,9.3
WEST BENGAL,DARJILING,1842034,38.99,971,17.18,21.52,79.92,73.74,85.94,14.47
UTTAR PRADESH,JAUNPUR,4476072,7.45,1018,22.04,0.11,73.66,61.7,86.06,14.43
UTTAR PRADESH,DEORIA,3098637,10.23,1013,15.11,3.54,73.53,61.34,86.07,14.23
PUNJAB,JALANDHAR,2181753,53.18,913,38.95,0,82.4,78.31,86.1,11.16
KARNATAKA,SHIMOGA,1755512,35.5,995,17.58,3.73,80.5,74.89,86.11,6.88
GUJARAT,BHAVNAGAR,2877961,30.32,931,5.45,0.32,76.84,66.92,86.15,16.53
TAMIL NADU,PUDUKKOTTAI,1618725,19.39,1015,17.6,0.08,77.76,69.51,86.19,10.9
PUNJAB,NAWANSHAHR,614362,20.43,954,42.51,0,80.33,74.28,86.2,4.58
MADHYA PRADESH,SAGAR,2378295,29.8,896,21.09,9.33,77.52,67.71,86.3,17.62
MADHYA PRADESH,GWALIOR,2030543,62.7,862,19.34,3.55,77.93,68.29,86.3,24.41
PUNJAB,LUDHIANA,3487882,59.14,869,26.39,0,82.54,78.16,86.3,15
MAHARASHTRA,SOLAPUR,4315527,32.4,932,15.05,1.8,77.72,68.55,86.35,12.1
GUJARAT,VALSAD,1703068,9.79,926,2.24,52.93,80.94,74.96,86.48,20.74
CHHATTISGARH,RAIPUR,4062160,36.49,983,17.82,11.72,76.43,66.21,86.5,34.65
TAMIL NADU,MADURAI,3041038,60.64,990,13.46,0.37,81.66,76.74,86.55,17.95
UTTAR PRADESH,JHANSI,2000755,41.78,885,28.15,0.19,76.37,64.88,86.58,14.66
MAHARASHTRA,NANDED,3356566,27.23,937,19.06,8.38,76.94,66.68,86.62,16.7
ODISHA,NAYAGARH,962215,8.29,916,14.17,6.1,79.17,71.08,86.63,11.3
RAJASTHAN,SIKAR,2677737,23.65,944,15.64,2.81,72.98,58.76,86.66,17.04
WEST BENGAL,PASCHIM MEDINIPUR,5943300,11.65,960,19.08,14.88,79.04,71.11,86.66,14.44
JAMMU AND KASHMIR,KARGIL,143388,8.89,775,0.01,86.89,74.49,58.05,86.73,20.18
MAHARASHTRA,HINGOLI,1178973,15.17,935,15.51,9.51,76.04,64.73,86.73,19.43
ASSAM,SIBSAGAR,1150253,9.55,951,3.68,4.26,81.36,75.69,86.75,9.37
HIMACHAL PRADESH,SIRMAUR,530164,10.8,915,30.34,2.13,79.98,72.55,86.76,15.61
MADHYA PRADESH,MANDSAUR,1339832,20.7,966,18.58,2.47,72.75,58.3,86.8,13.19
KARNATAKA,DHARWAD,1846993,56.83,967,9.63,4.74,80.3,73.57,86.83,15.13
TAMIL NADU,CUDDALORE,2600880,33.94,984,29.32,0.6,79.04,71.2,86.84,13.8
UTTAR PRADESH,MAINPURI,1847194,15.39,876,19.71,0.03,78.26,68.35,86.93,15.69
TAMIL NADU,VELLORE,3928106,43.13,1004,21.85,1.85,79.65,72.43,86.96,12.96
ODISHA,ANGUL,1271703,16.23,942,18.81,14.1,78.96,70.44,87.06,11.55
SIKKIM,SOUTH SIKKIM,146742,14.37,914,4.12,28.19,82.06,76.57,87.06,11.57
ODISHA,DHENKANAL,1192948,9.83,947,19.62,13.59,79.41,71.4,87.08,11.82
MADHYA PRADESH,BALAGHAT,1701156,14.4,1021,7.37,22.51,78.29,69.71,87.1,13.56
CHHATTISGARH,RAJNANDGAON,1537520,17.73,1017,10.19,26.36,76.97,66.98,87.19,19.82
MADHYA PRADESH,BHIND,1703562,25.4,838,22.01,0.36,76.59,63.96,87.2,19.25
KARNATAKA,KODAGU,554762,14.62,1019,13.27,10.47,82.52,77.91,87.24,1.13
RAJASTHAN,JAIPUR,6663971,52.51,909,15.14,7.97,76.44,64.63,87.27,26.91
ARUNACHAL PRADESH,PAPUM PARE,176385,12.45,950,0,66.38,82.14,76.65,87.33,44.57
ODISHA,JAJPUR,1826275,7.39,972,23.72,8.29,80.44,73.37,87.36,12.43
UTTAR PRADESH,AURAIYA,1372287,17.07,864,28.39,0.01,80.25,71.97,87.37,16.3
HARYANA,BHIWANI,1629109,19.8,884,20.87,0,76.74,64.8,87.39,14.32
MADHYA PRADESH,BHOPAL,2368145,80.8,911,15.08,2.93,82.26,76.57,87.4,28.46
MAHARASHTRA,LATUR,2455543,25.47,924,19.6,2.34,79.03,70.02,87.42,18.04
GUJARAT,SABAR KANTHA,2427346,43.21,950,7.73,22.32,76.6,65.29,87.45,16.56
GUJARAT,VADODARA,4157568,10.44,934,5.32,27.61,81.21,74.4,87.59,14.16
RAJASTHAN,KOTA,1950491,60.3,906,20.78,9.42,77.48,66.32,87.63,24.35
UTTAR PRADESH,ETAWAH,1579160,23.2,867,24.55,0.01,79.99,71.16,87.64,17.95
WEST BENGAL,HAORA,4841638,63.3,935,14.82,0.31,83.85,79.73,87.69,13.31
RAJASTHAN,JHUNJHUNUN,2139658,22.91,950,16.88,1.95,74.72,61.15,87.88,11.81
TAMIL NADU,RAMANATHAPURAM,1337560,31.89,977,18.4,0.08,81.48,74.93,87.89,12.63
WEST BENGAL,HUGLI,5520389,38.6,958,24.35,4.15,82.55,76.95,87.93,9.49
MAHARASHTRA,JALGAON,4224442,31.8,922,9.2,14.29,79.73,70.92,87.97,14.71
MAHARASHTRA,NASHIK,6109052,42.53,931,9.08,25.62,80.96,73.43,88.03,22.33
ODISHA,BALASORE,2317419,10.92,957,20.62,11.88,80.66,72.95,88.06,14.47
UTTAR PRADESH,GHAZIABAD,4661452,67.46,878,16.52,0.09,85,81.42,88.16,41.66
ASSAM,JORHAT,1091295,20.12,956,8.12,12.82,83.42,78.22,88.38,9.21
DELHI,NORTH EAST DELHI,2240749,36.44,886,16.67,0,82.8,76.51,88.39,26.73
HARYANA,ROHTAK,1058683,42.02,868,20.44,0,80.37,71.19,88.42,12.61
TAMIL NADU,VIRUDHUNAGAR,1943309,50.42,1009,20.59,0.12,80.75,73.14,88.46,10.96
HARYANA,AMBALA,1136784,44.38,882,26.26,0,82.89,76.64,88.47,12.06
MAHARASHTRA,YAVATMAL,2775457,21.59,947,11.85,18.54,80.7,72.41,88.58,12.9
TAMIL NADU,SIVAGANGA,1341250,30.99,1000,17.01,0.06,80.46,72.33,88.61,16.09
HARYANA,PANCHKULA,558890,54.87,870,18.14,0,83.44,77.48,88.65,19.32
WEST BENGAL,NORTH TWENTY FOUR PARGANAS,10082852,57.59,949,21.67,2.64,84.95,81.05,88.66,12.86
GUJARAT,RAJKOT,3799770,44.96,924,7.63,0.63,82.2,75.26,88.67,19.87
MAHARASHTRA,CHANDRAPUR,2194262,35.08,959,15.8,17.67,81.35,73.65,88.73,5.95
CHHATTISGARH,DURG,3343079,38.41,988,13.7,11.89,79.69,70.51,88.8,18.95
GUJARAT,BHARUCH,1550822,79.68,924,4.01,31.48,83.03,76.79,88.8,13.14
HIMACHAL PRADESH,KULLU,437474,9.43,950,28.01,3.84,80.14,71.01,88.8,14.65
MAHARASHTRA,AHMADNAGAR,4543083,20.1,934,12.63,8.33,80.22,71.15,88.81,12.43
CHHATTISGARH,DHAMTARI,799199,18.66,1012,7.33,25.96,78.95,69.24,88.84,13.11
PUNJAB,RUPNAGAR,683349,12.63,913,26.42,0,83.28,77.17,88.9,8.67
TAMIL NADU,THANJAVUR,2402781,35.39,1031,18.91,0.15,82.72,76.61,89.06,8.42
WEST BENGAL,KOLKATA,4486679,100,899,5.38,0.24,87.14,84.98,89.08,-1.88
MADHYA PRADESH,JABALPUR,2460714,58.5,925,14.13,15.23,82.47,75.3,89.1,14.39
TAMIL NADU,THIRUVALLUR,3725697,65.3,983,22.04,1.27,83.82,78.39,89.18,35.25
MADHYA PRADESH,INDORE,3272335,74.1,924,16.64,6.64,82.32,74.89,89.2,32.71
PUNJAB,MOHALI,986147,26.02,878,21.74,0,84.87,80.01,89.2,32.02
SIKKIM,EAST SIKKIM,281293,42.93,872,5.4,27.66,84.67,79.41,89.22,14.79
UTTARAKHAND,UTTARKASHI,329686,7.35,959,24.41,1.06,75.98,62.23,89.26,11.75
MAHARASHTRA,AURANGABAD (MAHARASHTRA),3695928,43.74,917,14.57,3.87,80.4,70.81,89.31,27.33
JAMMU AND KASHMIR,LEH (LADAKH),147104,42.96,583,0.37,71.81,80.48,64.52,89.39,25.48
HARYANA,SONIPAT,1480080,30.52,853,18.62,0,80.83,70.88,89.4,15.71
HARYANA,JHAJJAR,956907,25.39,861,17.79,0,80.83,70.96,89.44,8.73
TAMIL NADU,COIMBATORE,3472578,75.83,1001,15.5,0.82,84.31,79.16,89.49,18.46
TAMIL NADU,THIRUVARUR,1268094,20.4,1020,34.09,0.24,83.26,77.02,89.65,8.43
TAMIL NADU,TIRUNELVELI,3072880,49.49,1024,18.51,0.33,82.92,76.38,89.66,13.66
KARNATAKA,UTTARA KANNADA,1436847,29.14,975,8.1,2.38,84.03,78.21,89.72,6.15
DELHI,NORTH WEST DELHI,3651261,32.44,862,19.07,0,84.66,78.76,89.74,27.63
JAMMU AND KASHMIR,SAMBA,318611,16.83,886,28.8,5.51,82.48,74.39,89.76,16.9
JAMMU AND KASHMIR,JAMMU,1526406,49.65,871,24.71,4.52,83.98,77.41,89.77,12.48
PUNJAB,HOSHIARPUR,1582793,21.15,962,35.14,0,85.43,80.78,89.9,6.85
UTTARAKHAND,TEHRI GARHWAL,616409,11.37,1078,16.5,0.14,75.1,61.77,89.91,1.93
ODISHA,BHADRAK,439917,12.33,991,22.23,2.02,72.51,60.44,89.92,17.82
HARYANA,FARIDABAD,1798954,79.44,871,12.37,0,83.04,75.17,89.94,31.75
TAMIL NADU,TIRUCHIRAPPALLI,2713858,49.26,1013,17.14,0.67,83.56,77.24,90,12.22
GUJARAT,NAVSARI,1330711,37.23,961,2.67,48.11,84.78,79.3,90.06,8.24
UTTAR PRADESH,GAUTAM BUDDHA NAGAR,1674714,59.56,852,13.11,0.13,82.2,72.78,90.23,39.32
HARYANA,GURGAON,1514085,68.82,853,13.07,0,84.44,77.64,90.27,73.93
UTTARAKHAND,DEHRADUN,1698560,55.9,902,13.49,6.58,85.24,79.61,90.32,32.48
TAMIL NADU,KANCHEEPURAM,3990897,63.59,985,23.71,1.03,85.29,80.17,90.34,38.69
TAMIL NADU,NAGAPATTINAM,1614069,22.54,1025,31.54,0.23,84.09,78,90.38,8.41
MAHARASHTRA,SANGLI,2820575,25.51,964,12.51,0.65,82.62,74.66,90.4,9.18
ODISHA,CUTTACK,2618708,27.94,955,19,3.57,84.2,77.64,90.51,11.86
MAHARASHTRA,MUMBAI (SUBURBAN),9332481,0,857,6.23,1.12,90.9,86.93,90.54,8.01
MAHARASHTRA,WASHIM,1196714,17.69,926,19.17,6.72,81.7,72.26,90.54,17.23
MAHARASHTRA,RAIGARH (MAHARASHTRA),2635394,36.91,955,5.12,11.58,83.89,76.79,90.68,19.36
MAHARASHTRA,BULDANA,2588039,21.23,928,18.21,4.83,82.09,72.95,90.69,15.93
HIMACHAL PRADESH,SHIMLA,813384,24.77,916,26.51,1.08,84.55,77.8,90.73,12.58
MAHARASHTRA,THANE,11054131,76.92,880,6.6,13.95,86.18,80.78,90.9,35.94
TRIPURA,SOUTH TRIPURA,875144,14.06,957,16,39.37,85.41,79.64,90.94,14.03
GUJARAT,SURAT,6079231,10.89,788,2.6,14.09,86.65,81.02,91.05,42.19
DELHI,NORTH DELHI,883418,17.79,871,18.66,0,86.81,81.92,91.06,13.04
UTTARAKHAND,NAINITAL,955128,38.94,933,20.03,0.79,84.85,78.21,91.09,25.2
DELHI,WEST DELHI,2531583,23.65,876,14.8,0,87.12,82.5,91.17,18.91
HIMACHAL PRADESH,SOLAN,576670,17.7,884,28.35,4.42,85.02,78.02,91.19,15.21
ASSAM,KAMRUP-METRO,1260419,82.9,922,8.12,5.99,88.66,85.82,91.26,18.95
HARYANA,MAHENDRAGARH,921680,14.43,894,16.95,0,78.87,65.25,91.28,13.43
MAHARASHTRA,KOLHAPUR,3874015,31.75,953,13.02,0.78,82.9,74.18,91.33,9.96
TAMIL NADU,THOOTHUKKUDI,1738376,50.15,1024,19.88,0.28,86.52,81.77,91.42,9.14
MAHARASHTRA,RATNAGIRI,1612672,16.35,1123,4.15,1.26,82.43,74.55,91.43,-4.96
HIMACHAL PRADESH,MANDI,999518,6.27,1012,29.38,1.28,82.81,74.33,91.51,10.89
GOA,SOUTH GOA,639962,64.63,980,1.22,14.47,85.53,79.42,91.56,8.63
KARNATAKA,UDUPI,1177908,28.36,1093,6.41,4.49,86.29,81.41,91.69,5.9
TRIPURA,NORTH TRIPURA,693281,17.34,967,16.57,25.86,88.29,84.69,91.77,17.32
ODISHA,PURI,1697983,15.63,963,19.14,0.36,85.37,78.67,91.84,13
GUJARAT,MAHESANA,2027727,14.96,925,7.98,0.46,84.26,76.12,91.88,9.91
MAHARASHTRA,SATARA,3003922,18.98,986,10.76,0.99,84.2,76.29,92.09,6.94
TAMIL NADU,THE NILGIRIS,735071,59.32,1041,32.08,4.46,85.65,79.44,92.15,-3.55
DELHI,SOUTH DELHI,2733752,29.22,859,15.48,0,87.03,80.99,92.2,20.59
KERALA,PALAKKAD,2810892,24.09,1067,14.37,1.74,88.49,84.99,92.27,7.39
MAHARASHTRA,WARDHA,1296157,32.47,946,14.52,11.49,87.22,81.89,92.27,4.8
HIMACHAL PRADESH,BILASPUR (H,382056,6.58,981,25.92,2.8,85.67,78.9,92.39,12.08
GUJARAT,AHMEDABAD,7208200,28.3,903,10.53,1.24,86.65,80.29,92.44,22.31
ODISHA,KENDRAPARA,1439891,5.8,1006,21.51,0.66,85.93,79.51,92.45,10.59
TRIPURA,DHALAI,377988,10.71,945,16.31,55.68,86.82,80.83,92.45,22.78
DELHI,EAST DELHI,1707725,17.91,883,16.46,0,88.75,84.55,92.47,16.68
HIMACHAL PRADESH,KANGRA,1507223,5.73,1013,21.15,5.6,86.49,80.62,92.55,12.56
ODISHA,KHORDHA,2246341,48.11,925,13.21,5.11,87.51,82.06,92.55,19.65
UTTARAKHAND,CHAMPAWAT,259315,14.79,981,18.25,0.52,80.73,68.81,92.65,15.49
MAHARASHTRA,AMRAVATI,2887826,35.9,947,17.53,13.99,88.23,83.52,92.7,10.77
MAHARASHTRA,PUNE,9426959,60.89,910,12.52,3.7,87.19,81.13,92.72,30.34
HIMACHAL PRADESH,UNA,521057,8.62,977,22.16,1.65,87.23,81.67,92.75,16.24
KERALA,WAYANAD,816558,3.87,1035,3.99,18.53,89.32,85.94,92.84,4.6
MAHARASHTRA,AKOLA,1818617,39.69,942,20.07,5.53,87.55,81.91,92.89,11.6
TRIPURA,WEST TRIPURA,1724619,39.27,964,19.59,25.03,88.91,84.76,92.91,12.5
HARYANA,REWARI,896129,25.82,898,20.28,0,82.23,70.54,92.92,17.09
WEST BENGAL,PURBA MEDINIPUR,5094238,12.03,936,14.63,0.55,87.66,81.81,93.14,15.32
MAHARASHTRA,BHANDARA,1198810,19.5,984,16.69,7.41,85.14,77.02,93.17,5.52
UTTARAKHAND,GARHWAL,686527,16.41,1103,17.8,0.32,82.59,73.26,93.18,-1.51
ODISHA,JAGATSINGHPUR,1136604,10.2,967,21.83,0.69,87.13,80.88,93.2,7.47
UTTARAKHAND,BAGESHWAR,259840,3.5,1093,27.73,0.76,80.69,69.59,93.2,5.13
GUJARAT,ANAND,2090276,22.76,921,4.99,1.19,85.79,77.76,93.23,12.57
KARNATAKA,DAKSHINA KANNADA,2083625,47.6,1018,7.09,3.94,88.62,84.04,93.31,9.8
GUJARAT,KHEDA,2298934,14,937,5.03,1.75,84.31,74.67,93.4,12.81
UTTARAKHAND,PITHORAGARH,485993,14.31,1021,24.9,4.04,82.93,72.97,93.45,5.13
TAMIL NADU,CHENNAI,4681087,100,986,16.78,0.22,90.33,87.16,93.47,7.77
MAHARASHTRA,GONDIYA,1322331,17.07,996,13.31,16.2,85.41,77.3,93.54,10.13
UTTARAKHAND,ALMORA,621927,10.02,1142,24.26,0.21,81.06,70.44,93.57,-1.73
GUJARAT,GANDHINAGAR,1387478,84.05,920,7.8,1.31,85.78,77.37,93.59,12.15
DELHI,SOUTH WEST DELHI,2292363,40.44,836,13.89,0,88.81,83.07,93.62,30.62
MAHARASHTRA,SINDHUDURG,848868,12.6,1037,6.54,0.82,86.54,79.73,93.68,-2.3
MAHARASHTRA,NAGPUR,4653171,68.3,948,18.65,9.4,89.52,85.07,93.76,14.39
GOA,NORTH GOA,817761,60.24,959,2.15,6.92,88.85,83.74,93.77,7.8
TAMIL NADU,KANNIYAKUMARI,1863174,82.47,1010,3.97,0.39,92.14,90.45,93.86,11.17
KERALA,KASARAGOD,1302600,38.78,1079,4.08,3.74,89.85,86.13,93.93,8.18
UTTARAKHAND,CHAMOLI,391114,15.11,1021,20.25,3.13,83.48,73.2,94.18,5.6
MAHARASHTRA,MUMBAI II,3145966,0,838,7.13,0.81,88.48,86.03,94.28,-5.75
KERALA,THIRUVANANTHAPURAM,3307284,53.8,1088,11.3,0.81,92.66,90.89,94.6,2.25
KERALA,IDUKKI,1107453,4.7,1006,13.12,5.03,92.2,89.59,94.84,-1.93
UTTARAKHAND,RUDRAPRAYAG,236857,4.19,1120,19.68,0.16,82.09,70.94,94.97,4.14
HIMACHAL PRADESH,HAMIRPUR (H,454293,6.91,1096,24.03,0.67,89.01,83.44,95.28,10.08
KERALA,MALAPPURAM,4110956,44.19,1096,7.5,0.56,93.55,91.55,95.78,13.39
KERALA,KOLLAM,2629703,45.11,1113,12.46,0.41,93.77,91.95,95.83,1.72
KERALA,THRISSUR,3110327,67.19,1109,10.39,0.3,95.32,93.85,96.98,4.58
KERALA,ERNAKULAM,3279860,68.07,1028,8.18,0.5,95.68,94.27,97.14,5.6
KERALA,KOTTAYAM,1979384,28.58,1040,7.8,1.11,96.4,95.67,97.17,1.32
KERALA,KANNUR,2525637,65.05,1133,3.3,1.64,95.41,93.57,97.54,4.84
KERALA,KOZHIKODE,3089543,67.15,1097,6.45,0.49,95.24,93.16,97.57,7.31
KERALA,PATHANAMTHITTA,1195537,11,1129,13.74,0.68,96.93,96.26,97.7,-3.12
KERALA,ALAPPUZHA,2121943,54.06,1100,9.46,0.31,96.26,94.8,97.9,0.61
